{
  "ageDistribution": {
    "0-9": 0.12000352226786244,
    "10-19": 0.12789140169152302,
    "20-29": 0.13925591490202294,
    "30-39": 0.13494837840437718,
    "40-49": 0.12189750709881776,
    "50-59": 0.12724996876233477,
    "60-69": 0.11627753700377463,
    "70-79": 0.07275651094407701,
    "80+": 0.03971925892521024
  },
  "frac": {
    "severe": {
      "0-9": 0.0005,
      "10-19": 0.0015,
      "20-29": 0.003,
      "30-39": 0.0045,
      "40-49": 0.012,
      "50-59": 0.025,
      "60-69": 0.075,
      "70-79": 0.13999999999999999,
      "80+": 0.25
    },
    "critical": {
      "0-9": 0.000025,
      "10-19": 0.00015000000000000001,
      "20-29": 0.00030000000000000003,
      "30-39": 0.0006749999999999999,
      "40-49": 0.0024000000000000002,
      "50-59": 0.00625,
      "60-69": 0.02625,
      "70-79": 0.063,
      "80+": 0.1375
    },
    "fatal": {
      "0-9": 0.0000075,
      "10-19": 0.000045,
      "20-29": 0.00009,
      "30-39": 0.00020249999999999996,
      "40-49": 0.00072,
      "50-59": 0.0025000000000000005,
      "60-69": 0.0105,
      "70-79": 0.0315,
      "80+": 0.06875
    },
    "isolated": {
      "0-9": 0,
      "10-19": 0,
      "20-29": 0,
      "30-39": 0,
      "40-49": 0,
      "50-59": 0,
      "60-69": 0,
      "70-79": 0,
      "80+": 0,
      "total": 0
    }
  },
  "rate": {
    "latency": 0.2,
    "recovery": {
      "0-9": 0.33316666666666667,
      "10-19": 0.33283333333333337,
      "20-29": 0.3323333333333333,
      "30-39": 0.33183333333333337,
      "40-49": 0.3293333333333333,
      "50-59": 0.325,
      "60-69": 0.30833333333333335,
      "70-79": 0.2866666666666667,
      "80+": 0.25,
      "total": 0.3217475216152675
    },
    "severe": {
      "0-9": 0.00016666666666666666,
      "10-19": 0.0005,
      "20-29": 0.001,
      "30-39": 0.0014999999999999998,
      "40-49": 0.004,
      "50-59": 0.008333333333333333,
      "60-69": 0.024999999999999998,
      "70-79": 0.04666666666666666,
      "80+": 0.08333333333333333,
      "total": 0.011585811718065867
    },
    "discharge": {
      "0-9": 0.2375,
      "10-19": 0.225,
      "20-29": 0.225,
      "30-39": 0.2125,
      "40-49": 0.2,
      "50-59": 0.1875,
      "60-69": 0.1625,
      "70-79": 0.1375,
      "80+": 0.11249999999999999,
      "total": 0.19889192039280676
    },
    "critical": {
      "0-9": 0.0125,
      "10-19": 0.025,
      "20-29": 0.025,
      "30-39": 0.0375,
      "40-49": 0.05,
      "50-59": 0.0625,
      "60-69": 0.0875,
      "70-79": 0.1125,
      "80+": 0.1375,
      "total": 0.05110807960719324
    },
    "stabilize": {
      "0-9": 0.049999999999999996,
      "10-19": 0.049999999999999996,
      "20-29": 0.049999999999999996,
      "30-39": 0.049999999999999996,
      "40-49": 0.049999999999999996,
      "50-59": 0.04285714285714286,
      "60-69": 0.04285714285714286,
      "70-79": 0.03571428571428571,
      "80+": 0.03571428571428571,
      "total": 0.04665372110353797
    },
    "fatality": {
      "0-9": 0.02142857142857143,
      "10-19": 0.02142857142857143,
      "20-29": 0.02142857142857143,
      "30-39": 0.02142857142857143,
      "40-49": 0.02142857142857143,
      "50-59": 0.028571428571428574,
      "60-69": 0.028571428571428574,
      "70-79": 0.03571428571428571,
      "80+": 0.03571428571428571,
      "total": 0.024774850325033456
    },
    "overflowFatality": {
      "0-9": 0.04285714285714286,
      "10-19": 0.04285714285714286,
      "20-29": 0.04285714285714286,
      "30-39": 0.04285714285714286,
      "40-49": 0.04285714285714286,
      "50-59": 0.05714285714285715,
      "60-69": 0.05714285714285715,
      "70-79": 0.07142857142857142,
      "80+": 0.07142857142857142,
      "total": 0.04954970065006691
    }
  },
  "importsPerDay": {
    "total": 20,
    "0-9": 2.2222222222222223,
    "10-19": 2.2222222222222223,
    "20-29": 2.2222222222222223,
    "30-39": 2.2222222222222223,
    "40-49": 2.2222222222222223,
    "50-59": 2.2222222222222223,
    "60-69": 2.2222222222222223,
    "70-79": 2.2222222222222223,
    "80+": 2.2222222222222223
  },
  "timeDeltaDays": 0.25,
  "timeDelta": 21600000,
  "populationServed": 327167439,
  "numberStochasticRuns": 0,
  "hospitalBeds": 1485000,
  "ICUBeds": 49499
}